charging_station_id,charging_longitude,charging_lattitude
1,-73.9799,40.71738
2,-73.9945,40.75051
3,-73.9819,40.77156
4,-73.964,40.76809
5,-73.9637,40.77425